https://www.onthemarket.com/details/13729754/,"1,200",020 8022 6724,share
https://www.onthemarket.com/details/13728475/,"1,250",020 8033 9071,no answer
https://www.onthemarket.com/details/9399681/,"1,000",020 4516 3683,no answer
https://www.onthemarket.com/details/13704799/,900,020 8115 0618,share
https://www.onthemarket.com/details/10959807/,"1,200",020 8033 7446,need work
https://www.onthemarket.com/details/7589241/,979,020 8896 0800,share
https://www.onthemarket.com/details/3157862/,"1,499",020 8896 0800,1500pound
https://www.onthemarket.com/details/13730140/,"1,352",020 8033 0645,gone
https://www.onthemarket.com/details/13712937/,"1,400",020 8033 0645,studio geran
https://www.onthemarket.com/details/13712659/,984,020 8033 0645,1 person
https://www.onthemarket.com/details/13688727/,"1,350",020 8896 0800,gone
https://www.onthemarket.com/details/13684503/,"1,200",020 8115 2596,1 person
https://www.onthemarket.com/details/13461095/,"1,450",020 4537 7041,no answer
https://www.onthemarket.com/details/12950191/,"1,400",020 8022 0088,share
